{
    "Label":  "s1_born_coul_dsf-t4",
    "Timestamp":  "20260720-105223",
    "Note":  "S1 OMP scaling 4t",
    "LammpsVersion":  "30 Mar 2026 - Development - 91d4111a9-modified",
    "LammpsCommit":  "91d4111a9",
    "LmpPath":  "D:\\Claude-Code-R\\LAMMPS-CO\\build\\omp-fep\\Release\\lmp.exe",
    "InputFile":  "D:\\Claude-Code-R\\LAMMPS-CO\\tools\\bench\\in.s1_born_coul_dsf",
    "ExtraArgs":  [
                      "-sf",
                      "omp",
                      "-pk",
                      "omp",
                      "4"
                  ],
    "Vars":  [

             ],
    "ThreadsArg":  4,
    "Repeats":  3,
    "NAtoms":  864,
    "NSteps":  500,
    "NProcs":  4,
    "OmpThreads":  4,
    "LoopTime":  {
                     "Mean":  0.12313033333333334,
                     "Std":  0.007440258485653127,
                     "N":  3
                 },
    "WallTime":  {
                     "Mean":  0.17394063333333332,
                     "Std":  0.0062046280165158505,
                     "N":  3
                 },
    "Sections":  {
                     "Pair":  {
                                  "AvgTime":  {
                                                  "Mean":  0.10651133333333333,
                                                  "Std":  0.0065259440185565024,
                                                  "N":  3
                                              },
                                  "PctTotal":  {
                                                   "Mean":  86.5,
                                                   "Std":  0.15874507866388143,
                                                   "N":  3
                                               }
                              },
                     "Neigh":  {
                                   "AvgTime":  {
                                                   "Mean":  0.0059980999999999993,
                                                   "Std":  0.00078579027736413217,
                                                   "N":  3
                                               },
                                   "PctTotal":  {
                                                    "Mean":  4.86,
                                                    "Std":  0.40951190458886522,
                                                    "N":  3
                                                }
                               },
                     "Comm":  {
                                  "AvgTime":  {
                                                  "Mean":  0.0053621333333333339,
                                                  "Std":  6.1765065638541723E-05,
                                                  "N":  3
                                              },
                                  "PctTotal":  {
                                                   "Mean":  4.3633333333333333,
                                                   "Std":  0.24846193538112307,
                                                   "N":  3
                                               }
                              },
                     "Output":  {
                                    "AvgTime":  {
                                                    "Mean":  8.203333333333334E-05,
                                                    "Std":  7.0713035101976337E-06,
                                                    "N":  3
                                                },
                                    "PctTotal":  {
                                                     "Mean":  0.066666666666666666,
                                                     "Std":  0.011547005383792516,
                                                     "N":  3
                                                 }
                                },
                     "Modify":  {
                                    "AvgTime":  {
                                                    "Mean":  0.0049686333333333332,
                                                    "Std":  0.00023961891272045578,
                                                    "N":  3
                                                },
                                    "PctTotal":  {
                                                     "Mean":  4.04,
                                                     "Std":  0.1442220510185597,
                                                     "N":  3
                                                 }
                                },
                     "Other":  {
                                   "AvgTime":  {
                                                   "Mean":  0.00021056666666666667,
                                                   "Std":  7.9726616216501625E-06,
                                                   "N":  3
                                               },
                                   "PctTotal":  {
                                                    "Mean":  0.17,
                                                    "Std":  0.009999999999999995,
                                                    "N":  3
                                                }
                               }
                 },
    "Runs":  [
                 {
                     "WallTimeSec":  0.1744826,
                     "LoopTime":  0.128381,
                     "Sections":  {
                                      "Pair":  {
                                                   "AvgTime":  0.11128,
                                                   "PctTotal":  86.68
                                               },
                                      "Neigh":  {
                                                    "AvgTime":  0.0061527,
                                                    "PctTotal":  4.79
                                                },
                                      "Comm":  {
                                                   "AvgTime":  0.0054333,
                                                   "PctTotal":  4.23
                                               },
                                      "Output":  {
                                                     "AvgTime":  7.65E-05,
                                                     "PctTotal":  0.06
                                                 },
                                      "Modify":  {
                                                     "AvgTime":  0.0052348,
                                                     "PctTotal":  4.08
                                                 },
                                      "Other":  {
                                                    "AvgTime":  0.000207,
                                                    "PctTotal":  0.16
                                                }
                                  }
                 },
                 {
                     "WallTimeSec":  0.1674828,
                     "LoopTime":  0.114616,
                     "Sections":  {
                                      "Pair":  {
                                                   "AvgTime":  0.099074,
                                                   "PctTotal":  86.44
                                               },
                                      "Neigh":  {
                                                    "AvgTime":  0.0051465,
                                                    "PctTotal":  4.49
                                                },
                                      "Comm":  {
                                                   "AvgTime":  0.0053306,
                                                   "PctTotal":  4.65
                                               },