{
    "Label":  "L-serial-avx2-fastmath",
    "Timestamp":  "20260618-114515",
    "Note":  "",
    "LammpsVersion":  "30 Mar 2026 - Development - 91d4111a9-modified",
    "LammpsCommit":  "91d4111a9",
    "LmpPath":  "D:\\Claude-Code-R\\LAMMPS-CO\\build\\serial-avx2-fastmath\\Release\\lmp.exe",
    "InputFile":  "D:\\Claude-Code-R\\LAMMPS-CO\\tools\\bench\\in.melt-large",
    "ExtraArgs":  [

                  ],
    "Vars":  [

             ],
    "ThreadsArg":  0,
    "Repeats":  5,
    "NAtoms":  32000,
    "NSteps":  500,
    "NProcs":  1,
    "OmpThreads":  1,
    "LoopTime":  {
                     "Mean":  4.058232,
                     "Std":  0.12449737334578569,
                     "N":  5
                 },
    "WallTime":  {
                     "Mean":  4.13752152,
                     "Std":  0.13190377998625361,
                     "N":  5
                 },
    "Sections":  {
                     "Pair":  {
                                  "AvgTime":  {
                                                  "Mean":  3.25832,
                                                  "Std":  0.0971646900885296,
                                                  "N":  5
                                              },
                                  "PctTotal":  {
                                                   "Mean":  80.292,
                                                   "Std":  0.21217916957137728,
                                                   "N":  5
                                               }
                              },
                     "Neigh":  {
                                   "AvgTime":  {
                                                   "Mean":  0.64779199999999992,
                                                   "Std":  0.022464807366189447,
                                                   "N":  5
                                               },
                                   "PctTotal":  {
                                                    "Mean":  15.960000000000003,
                                                    "Std":  0.11726039399558638,
                                                    "N":  5
                                                }
                               },
                     "Comm":  {
                                  "AvgTime":  {
                                                  "Mean":  0.0517528,
                                                  "Std":  0.0027279762095736818,
                                                  "N":  5
                                              },
                                  "PctTotal":  {
                                                   "Mean":  1.2760000000000002,
                                                   "Std":  0.048270073544588725,
                                                   "N":  5
                                               }
                              },
                     "Output":  {
                                    "AvgTime":  {
                                                    "Mean":  0.00032608,
                                                    "Std":  1.4819480422740871E-05,
                                                    "N":  5
                                                },
                                    "PctTotal":  {
                                                     "Mean":  0.01,
                                                     "Std":  0,
                                                     "N":  5
                                                 }
                                },
                     "Modify":  {
                                    "AvgTime":  {
                                                    "Mean":  0.0849256,
                                                    "Std":  0.0053547221029666917,
                                                    "N":  5
                                                },
                                    "PctTotal":  {
                                                     "Mean":  2.0919999999999996,
                                                     "Std":  0.10986355173577825,
                                                     "N":  5
                                                 }
                                },
                     "Other":  {
                                   "AvgTime":  {
                                                   "Mean":  0.015136,
                                                   "Std":  0.0005474303608679371,
                                                   "N":  5
                                               },
                                   "PctTotal":  {
                                                    "Mean":  0.37200000000000005,
                                                    "Std":  0.0044721359549995841,
                                                    "N":  5
                                                }
                               }
                 },
    "Runs":  [
                 {
                     "WallTimeSec":  4.1144757,
                     "LoopTime":  4.02519,
                     "Sections":  {
                                      "Pair":  {
                                                   "AvgTime":  3.2373,
                                                   "PctTotal":  80.43
                                               },
                                      "Neigh":  {
                                                    "AvgTime":  0.6452,
                                                    "PctTotal":  16.03
                                                },
                                      "Comm":  {
                                                   "AvgTime":  0.048896,
                                                   "PctTotal":  1.21
                                               },
                                      "Output":  {
                                                     "AvgTime":  0.0003176,
                                                     "PctTotal":  0.01
                                                 },
                                      "Modify":  {
                                                     "AvgTime":  0.078258,
                                                     "PctTotal":  1.94
                                                 },
                                      "Other":  {
                                                    "AvgTime":  0.01526,
                                                    "PctTotal":  0.38
                                                }
                                  }
                 },
                 {
                     "WallTimeSec":  4.1649101,
                     "LoopTime":  4.0975,
                     "Sections":  {
                                      "Pair":  {
                                                   "AvgTime":  3.3006,
                                                   "PctTotal":  80.55
                                               },
                                      "Neigh":  {
                                                    "AvgTime":  0.64828,
                                                    "PctTotal":  15.82
                                                },
                                      "Comm":  {
                                                   "AvgTime":  0.050679,
                                                   "PctTotal":  1.24
                                               },
                                      "Output":  {
                                                     "AvgTime":  0.0003437,
                                                     "PctTotal":  0.01
                                                 },