{
    "Label":  "port84-before",
    "Timestamp":  "20260618-000810",
    "Note":  "",
    "LammpsVersion":  "30 Mar 2026 - Development - 91d4111",
    "LammpsCommit":  "91d4111",
    "LmpPath":  "D:\\Claude-Code-R\\LAMMPS-CO\\build\\omp-extra-pair\\Release\\lmp.exe",
    "InputFile":  "D:\\Claude-Code-R\\LAMMPS-CO\\tools\\bench\\in.momb_speed_test",
    "ExtraArgs":  [

                  ],
    "Vars":  [

             ],
    "ThreadsArg":  0,
    "Repeats":  6,
    "NAtoms":  6912,
    "NSteps":  300,
    "NProcs":  1,
    "OmpThreads":  1,
    "LoopTime":  {
                     "Mean":  1.768185,
                     "Std":  0.0179495011072731,
                     "N":  6
                 },
    "WallTime":  {
                     "Mean":  1.8272773666666666,
                     "Std":  0.017721277488789152,
                     "N":  6
                 },
    "Sections":  {
                     "Pair":  {
                                  "AvgTime":  {
                                                  "Mean":  1.7060833333333332,
                                                  "Std":  0.018399936594093665,
                                                  "N":  6
                                              },
                                  "PctTotal":  {
                                                   "Mean":  96.48833333333333,
                                                   "Std":  0.0702614166286622,
                                                   "N":  6
                                               }
                              },
                     "Neigh":  {
                                   "AvgTime":  {
                                                   "Mean":  0.038267833333333334,
                                                   "Std":  0.00031794994364941722,
                                                   "N":  6
                                               },
                                   "PctTotal":  {
                                                    "Mean":  2.1649999999999996,
                                                    "Std":  0.031464265445104611,
                                                    "N":  6
                                                }
                               },
                     "Comm":  {
                                  "AvgTime":  {
                                                  "Mean":  0.0090309999999999991,
                                                  "Std":  0.00025540537190904983,
                                                  "N":  6
                                              },
                                  "PctTotal":  {
                                                   "Mean":  0.51000000000000012,
                                                   "Std":  0.017888543819998333,
                                                   "N":  6
                                               }
                              },
                     "Output":  {
                                    "AvgTime":  {
                                                    "Mean":  0.00011779999999999999,
                                                    "Std":  1.8504053609952581E-06,
                                                    "N":  6
                                                },
                                    "PctTotal":  {
                                                     "Mean":  0.01,
                                                     "Std":  0,
                                                     "N":  6
                                                 }
                                },
                     "Modify":  {
                                    "AvgTime":  {
                                                    "Mean":  0.0092899333333333316,
                                                    "Std":  0.000199200548861359,
                                                    "N":  6
                                                },
                                    "PctTotal":  {
                                                     "Mean":  0.52666666666666673,
                                                     "Std":  0.015055453054181633,
                                                     "N":  6
                                                 }
                                },
                     "Other":  {
                                   "AvgTime":  {
                                                   "Mean":  0.0053828333333333332,
                                                   "Std":  0.00024567736295122243,
                                                   "N":  6
                                               },
                                   "PctTotal":  {
                                                    "Mean":  0.30500000000000005,
                                                    "Std":  0.015165750888103097,
                                                    "N":  6
                                                }
                               }
                 },
    "Runs":  [
                 {
                     "WallTimeSec":  1.8554507999999998,
                     "LoopTime":  1.80049,
                     "Sections":  {
                                      "Pair":  {
                                                   "AvgTime":  1.7397,
                                                   "PctTotal":  96.63
                                               },
                                      "Neigh":  {
                                                    "AvgTime":  0.038014,
                                                    "PctTotal":  2.11
                                                },
                                      "Comm":  {
                                                   "AvgTime":  0.0086454,
                                                   "PctTotal":  0.48
                                               },
                                      "Output":  {
                                                     "AvgTime":  0.0001145,
                                                     "PctTotal":  0.01
                                                 },
                                      "Modify":  {
                                                     "AvgTime":  0.0089709,
                                                     "PctTotal":  0.5
                                                 },
                                      "Other":  {
                                                    "AvgTime":  0.005006,
                                                    "PctTotal":  0.28
                                                }
                                  }
                 },
                 {
                     "WallTimeSec":  1.8292812999999999,
                     "LoopTime":  1.77162,
                     "Sections":  {
                                      "Pair":  {
                                                   "AvgTime":  1.7093,
                                                   "PctTotal":  96.48
                                               },
                                      "Neigh":  {
                                                    "AvgTime":  0.038774,
                                                    "PctTotal":  2.19
                                                },
                                      "Comm":  {
                                                   "AvgTime":  0.0089459,
                                                   "PctTotal":  0.5
                                               },
                                      "Output":  {
                                                     "AvgTime":  0.0001194,
                                                     "PctTotal":  0.01
                                                 },